test_index,y_true,y_pred_base,pred_mean,pred_std,pred_median,p16,p84,p5,p95,analysis_interval_68,analysis_interval_90,analysis_2mad,abs_error_base
0,0.2,3.8324804636400467,3.8373522162772,0.19204493405359777,3.8339155750056273,3.6546478968809835,4.034832759303816,3.5140213756542784,4.159328853533742,0.38018486242283256,0.6453074778794634,0.24810933458498186,3.6324804636400465
1,0.5,3.2780596760483434,3.302884346013851,0.3136805752695173,3.249212290773847,3.023699438692937,3.6130800073095433,2.8764502737665443,3.9109570520487695,0.5893805686166065,1.0345067782822253,0.3729731185694627,2.7780596760483434
2,0.0,1.9255315298133007,2.062649521241207,0.23217063161970045,2.06177930734503,1.8273158953258393,2.283960053613062,1.6884561083632685,2.4736586627416584,0.4566441582872227,0.7852025543783898,0.3072914021389217,1.9255315298133007
3,0.5,1.8312644987845714,1.865127646047342,0.05314755346031269,1.8632795893178553,1.8173835922667287,1.9128280929592885,1.7853992048312364,1.9555177987011305,0.09544450069255972,0.17011859386989414,0.06369862354020217,1.3312644987845714
4,0.0,0.21304434707247874,0.20236545712299125,0.02228495074437845,0.21206424901704085,0.17290903520125137,0.21304434707247874,0.16716601669380854,0.2222110137391454,0.040135311871227375,0.05504499704533686,0.009525840904009875,0.21304434707247874
5,0.0,0.18198870846620047,0.0848976451437997,0.08644510473531525,0.032343265988324356,0.005875330848051081,0.18446812262198223,0.005261176635207088,0.1858053429114013,0.17859279177393114,0.1805441662761942,0.05353384135080509,0.18198870846620047
6,0.0,0.9116179802023361,0.9162217503086988,0.1751563500204612,0.9000025179057258,0.7467495015408979,1.0862443634482768,0.6656097614697517,1.226268021758012,0.3394948619073789,0.5606582602882603,0.22927376572964187,0.9116179802023361
7,0.0,2.241458638648371,2.2585017618147756,0.32448144918348704,2.268227619831121,1.9701638634832443,2.565569438807183,1.7413147738774768,2.7966199808749406,0.5954055753239387,1.0553052069974638,0.41240903772074544,2.241458638648371
8,0.001,0.0670598039350066,0.08865209953402603,0.04100121387459795,0.0770669114376252,0.05536488877974586,0.12374379381697943,0.047604627678388405,0.1714072441287049,0.06837890503723357,0.12380261645031648,0.03789557171568486,0.0660598039350066
9,0.0,0.3877740458165798,0.5646185217660018,0.2981723090594477,0.5019770905450887,0.3167059709872795,0.7996741166111531,0.21082935033946312,1.107076743595192,0.4829681456238736,0.8962473932557289,0.30829306241847776,0.3877740458165798
10,0.0,0.1850240188800546,0.26249175918376855,0.1506216358953516,0.22615949394945944,0.13413046496141567,0.3855133363618836,0.10358243098118865,0.5444887667939527,0.25138287140046794,0.4409063358127641,0.1610615850124518,0.1850240188800546
11,0.0,0.06992253138192792,0.0727294822974799,0.015463913607033187,0.07145263142447447,0.059360150466966285,0.08370288760683683,0.05225501843091542,0.09564454869196291,0.02434273713987055,0.04338953026104749,0.015276648538267809,0.06992253138192792
12,0.001,0.23420825566420028,0.5722877314454368,0.2808242029436782,0.5185723852031933,0.3087683453136913,0.8208155431783897,0.2169696436655062,1.092712399876804,0.5120471978646983,0.8757427562112978,0.34132976071091825,0.23320825566420028
13,0.0,1.5944794877576518,1.728444688650984,0.4128634231349044,1.6797978440631598,1.3157795854206011,2.158130686671429,1.133686648632701,2.4112050778109446,0.8423511012508278,1.2775184291782435,0.6008245373010326,1.5944794877576518
14,0.0,0.1613571192170993,0.2552254522662117,0.17826618876674205,0.2263241718440083,0.08280036167581568,0.40655403607444907,0.0375928186219208,0.5460452105383515,0.3237536743986334,0.5084523919164308,0.23045051013079737,0.1613571192170993
15,0.0,1.345762455482095,1.251510922186507,0.5733711283038829,1.2157726085568346,0.6930387692729726,1.6832657044660118,0.4684487239550013,2.334975696414183,0.9902269351930392,1.8665269724591815,0.734028144425233,1.345762455482095
16,0.0,0.09849434961050318,0.14602528277698248,0.16390349237094873,0.09959254292971047,0.005532121493792319,0.2834936599553307,0.002661016277169861,0.4684943496105032,0.27796153846153837,0.4658333333333333,0.185,0.09849434961050318
17,0.0,1.6304405659637482,1.64447409000615,0.6794184223912991,1.5806576124405098,0.9847979662960338,2.3417135123970896,0.5449860597515264,2.872271873140618,1.3569155461010558,2.327285813389092,0.6673379652361318,1.6304405659637482
18,0.0,2.1784098544737933,2.2165485340291817,0.32834836891319763,2.2107954363484303,1.8994438081257985,2.529692280999123,1.68776191848836,2.7578437333279795,0.6302484728733244,1.0700818148396194,0.4463269360450983,2.1784098544737933
19,1.0,3.43807878664275,3.4556813170854332,0.19622614669830296,3.430650660638353,3.2673555121432343,3.640027531769603,3.178093774904056,3.8062641689656855,0.37267201962636864,0.6281703940616294,0.23605466294917488,2.43807878664275
20,1.0,1.545901408205112,1.6423346520726156,0.1432950973314044,1.6223014101288649,1.5161493242519182,1.7803962521886714,1.441090262822362,1.9004014329635686,0.2642469279367532,0.4593111701412065,0.16985950367660174,0.5459014082051119
21,0.8,8.825124954094775,8.658353823064097,0.7250027364094445,8.696788662219213,7.973244516255758,9.379726179225262,7.35897081867837,9.751836441996078,1.4064816629695036,2.392865623317708,0.9406360779855802,8.025124954094775
22,1.0,1.9675176341614846,2.101120160504655,0.18767847978657026,2.076688441324017,1.9186603251035383,2.2792745360991895,1.8475246089156536,2.407830436781979,0.36061421099565116,0.5603058278663255,0.23185964921415114,0.9675176341614846
23,1.1,1.8830534647271944,1.9093897354183258,0.07742845660278345,1.8960809498278843,1.8468787188837905,1.9574143172971683,1.8116514308641918,2.0546098371389094,0.11053559841337779,0.24295840627471765,0.07260899949481803,0.7830534647271943
24,0.7,3.5462261953835257,3.560988783540595,0.3070316868655044,3.558382635577714,3.2676138239510135,3.8517014073114146,3.0646183417895227,4.077900009613757,0.5840875833604011,1.0132816678242347,0.39432573611147514,2.846226195383526
25,1.0,2.0263522802600353,2.0073389394485006,0.09825675701765488,1.9994950187630105,1.9121388244548,2.0999162415247468,1.8610053986240276,2.174399296134023,0.18777741706994666,0.31339389750999525,0.12434581192266903,1.0263522802600353
26,1.0,1.7860004516907793,1.868894282106219,0.10124760731802629,1.8560757675427806,1.7780518114943402,1.9631070128363677,1.7239397399717378,2.048035324169457,0.18505520134202746,0.32409558419771933,0.12059916983601471,0.7860004516907793
27,1.0,3.8756346228745726,3.8212181948490294,0.28120338634269093,3.820018097063743,3.5474503353815603,4.103417634107636,3.3292018996063755,4.269558250249099,0.5559672987260758,0.9403563506427233,0.36111236730794527,2.8756346228745726
28,1.038,2.2790445164675397,2.478285545156977,0.1836567039945588,2.4221629802445444,2.3336422018979857,2.633199026412366,2.2893244765146696,2.8694329881662113,0.29955682451438026,0.5801085116515416,0.16381604063835065,1.2410445164675397
29,0.6,2.3311542053728114,2.452193987730762,0.17799150744022335,2.4427886309222475,2.271032582677343,2.6312783465956455,2.198409852379282,2.7616209357004533,0.3602457639183023,0.5632110833211712,0.2364909713892942,1.7311542053728113
30,1.0,1.9023542974121168,2.006945609457638,0.1282888861531355,1.9814336036569125,1.9018766981596986,2.100402048623715,1.8642148121516977,2.2198920478033553,0.19852535046401654,0.35567723565165754,0.12800063987365973,0.9023542974121168
31,1.05,2.2084951741641494,2.300543964907127,0.20539533689491393,2.2801848945250986,2.1225839579573753,2.467229895524375,2.024792489350728,2.6430632267742866,0.3446459375669999,0.6182707374235585,0.227699495637689,1.1584951741641494
32,1.0,1.8881481278615309,2.0819205937207235,0.18329940939009035,2.0324243403705946,1.9337585904402834,2.226531172965167,1.8763376740764481,2.438798242171007,0.2927725825248837,0.5624605680945589,0.1779962218433213,0.8881481278615309
33,1.03,1.4314777699893557,1.5063371773787253,0.2596679507172417,1.490064129553149,1.234521495984988,1.7857224763393156,1.1074612602332519,1.9310404642304033,0.5512009803543276,0.8235792039971515,0.37142723140403855,0.4014777699893557
34,1.5,3.933332443393507,3.9435969987418718,0.1698982388427982,3.939583613900984,3.773303592527507,4.1081853719015236,3.664602776255938,4.223396197524588,0.33488177937401664,0.5587934212686498,0.24034219032450377,2.433332443393507
35,1.5,2.965488814159371,3.051162073582692,0.3033462458788444,3.0006420069420554,2.798949292574733,3.2948443364239606,2.663549654084171,3.6491693917190875,0.4958950438492278,0.9856197376349165,0.30598469823762997,1.4654888141593712
36,1.5,2.534498251014227,2.612266001058591,0.1626022048922983,2.5927751479572785,2.456426305050555,2.774754076266834,2.382292952809063,2.884591333744276,0.31832777121627887,0.5022983809352133,0.20816549344232627,1.0344982510142269
37,1.495,1.9609944109402568,1.914906976173103,0.18785436027135535,1.9047538091519847,1.7346056176855407,2.0989411804385085,1.6344551515534218,2.262968468277408,0.36433556275296786,0.628513316723986,0.24672325129545358,0.46599441094025673
38,1.525,3.901295322059197,3.817160551375793,0.35598287640908255,3.8218426358064623,3.466347098955382,4.162474005181583,3.2277663174097126,4.372562795000105,0.6961269062262008,1.1447964775903925,0.4804593907367267,2.376295322059197
39,1.515,4.6410216135532485,4.767687835291296,0.31382734383316524,4.738006430199476,4.450772417228243,5.104517906825077,4.280801336539007,5.30275692601306,0.653745489596834,1.0219555894740529,0.41917955163989884,3.126021613553249
40,1.485,2.2734135390142125,2.2775686959362766,0.10867654128504299,2.2753841442425795,2.172808884335216,2.3846218607018685,2.0982816508963844,2.4527031582356695,0.21181297636665253,0.3544215073392851,0.14795827004868567,0.7884135390142124
41,1.5,1.8564709537848436,1.8951765286720061,0.07877671959642109,1.8868039889210766,1.8234482899108269,1.966975913671079,1.7873723577862395,2.034622563436266,0.14352762376025208,0.2472502056500263,0.09104590509676092,0.3564709537848436
42,1.5,1.940402776253047,1.992957445592829,0.0996126744980055,1.9817856218641374,1.8979572460122536,2.0812945372900886,1.8582259740707323,2.1843703715027507,0.18333729127783505,0.3261443974320184,0.12512482471873576,0.4404027762530469
43,1.2,1.8870011482666638,1.9080806339377117,0.06804390510858185,1.9044754132937736,1.8507125368102548,1.9661901113214029,1.8127367065131497,2.0170969380637986,0.11547757451114804,0.20436023155064897,0.07442293595097271,0.6870011482666638
44,2.0,4.891907440995814,5.012068395279643,0.2554626213050919,5.008757966803109,4.765205782061116,5.2625959895012775,4.6169851837911375,5.437618009539118,0.49739020744016127,0.82063282574798,0.3346861079054353,2.891907440995814
45,2.0,5.305756305199781,5.52905313760735,0.3094982961590328,5.4862570302509726,5.237124357288867,5.809296187199943,5.115271470353393,6.102695875449928,0.5721718299110767,0.9874244050965357,0.3780006938088807,3.3057563051997807
46,2.0,2.0261201141306837,2.124301957847096,0.15554077188123153,2.0854827658411965,2.0266231206027454,2.1820531894323585,2.018890555469339,2.4321189441000928,0.15543006882961308,0.41322838863075395,0.106988811294634,0.026120114130683714
47,2.0,2.338570990155593,2.3762865129961344,0.08643162235885442,2.3719919740482958,2.2941045020112956,2.4518730102551634,2.2403323328663673,2.523206564521972,0.1577685082438678,0.28287423165560455,0.10829776557843918,0.3385709901555929
48,2.0,2.1591001580842164,2.191663164126086,0.0783536014564411,2.1764157576216188,2.1297683455419505,2.246872043109191,2.103590983826907,2.322557466059295,0.1171036975672406,0.2189664822323878,0.07109950200457549,0.1591001580842164
49,2.0,2.225605511498769,2.2495186991099043,0.0711079565934948,2.248495641065861,2.1744899347088227,2.3113749629168683,2.14651084658648,2.373079843308309,0.1368850282080456,0.22656899672182895,0.09137347201466728,0.22560551149876895
50,2.0,2.6896004455069416,2.723821396975982,0.11934101461716054,2.726915874946216,2.6091986969306404,2.837581070756182,2.519263260898921,2.913067956539501,0.2283823738255415,0.3938046956405796,0.14964966869540097,0.6896004455069416
51,2.01,2.8004390252552263,2.7945400457221554,0.2388504018659854,2.774808751060147,2.5609675481406824,3.0284883895939227,2.4443126178574457,3.230480906440385,0.46752084145324035,0.7861682885829393,0.3159748856974649,0.7904390252552265
52,2.0,4.515855183552547,4.3842083254751305,0.2818800998059619,4.383122729591438,4.101155082645203,4.663967096974247,3.9255710920853595,4.828768042524672,0.5628120143290438,0.9031969504393125,0.37697313222497186,2.5158551835525467
53,2.0,1.9038847560478436,1.9603671891116328,0.08898851747542093,1.9409277043364206,1.8804102699997682,2.0492463790649365,1.8480311612527727,2.1366518517771755,0.16883610906516822,0.28862069052440287,0.09919172240933949,0.09611524395215643
54,2.07,3.225472427958425,3.318530649005229,0.24818861669037373,3.2832864047067174,3.083562099964362,3.559498377939143,2.9732429538274054,3.7763541405548327,0.47593627797478133,0.8031111867274272,0.3098659770913974,1.1554724279584252
55,2.0,2.4759509238086386,2.4350803444987066,0.08035635036659527,2.4304866249336534,2.3586777207083838,2.506845699478597,2.3196692126109455,2.5631928792488776,0.14816797877021326,0.24352366663793212,0.09579521806710112,0.47595092380863857
56,2.0,3.4193357017845885,3.5980698808246285,0.45878313454616076,3.546886559471584,3.1716573378811463,4.027174149127663,2.973967758473521,4.419839471594053,0.8555168112465164,1.4458717131205323,0.5939803432667752,1.4193357017845885
57,2.0,2.0723326674794005,2.1630405593070745,0.20439999971651,2.1809420360746286,1.97028876311985,2.355871143500882,1.8033407837658555,2.471764764098423,0.3855823803810319,0.6684239803325676,0.27036066024026484,0.07233266747940048
58,2.02,2.78202468413621,2.965725904315707,0.19118584514070938,2.9272974172345423,2.787063888335616,3.1485949594196843,2.721351028801818,3.327767483855918,0.36153107108406823,0.6064164550541,0.24040711466672482,0.7620246841362102
59,2.0,1.0202650414142014,1.0354808382827607,0.22652987114069223,1.0216236965995096,0.815921181772182,1.242056164252318,0.6882052533275382,1.4332833205194706,0.42613498248013604,0.7450780671919324,0.28683657141753494,0.9797349585857986
60,2.0,4.4610783185053755,4.848333792854636,0.8590974109064461,4.752448890902171,4.009209788278781,5.769793456273364,3.566118203177817,6.413624206913113,1.7605836679945828,2.8475060037352957,1.2013091670863414,2.4610783185053755
61,2.03,2.3802940219293647,2.6428070834938326,0.2377397734395077,2.6035840315912475,2.4205275991265833,2.869577756418816,2.331310560037707,3.082165518474493,0.44905015729223274,0.7508549584367858,0.2912571801873609,0.3502940219293649
62,2.0,2.4256469025904743,2.575253804207699,0.4902696594148763,2.4637417732130453,2.1415233165174046,3.0524137182807793,1.9738893808125682,3.4478084067733583,0.9108904017633748,1.4739190259607902,0.5002113551047391,0.42564690259047433
63,2.5,2.367872587804597,2.472300012243909,0.6347936202720561,2.5070561919274583,1.7856480774806378,3.0637508510008176,1.3888445294932688,3.4983152069809,1.2781027735201798,2.1094706774876313,0.835469842983962,0.1321274121954028
64,3.0,3.9404959889300177,4.04453407211964,0.43890101577589274,3.9666437128906136,3.6408431681230877,4.44619286167453,3.4700705793461024,4.854172353028184,0.8053496935514421,1.3841017736820813,0.5165120044030211,0.9404959889300177
65,3.0,2.434896868427222,2.600022569037637,0.22175460280284376,2.54672943349984,2.406248145760281,2.7906252890544647,2.3593779764783225,3.0667755367139313,0.3843771432941838,0.7073975602356088,0.2370843736767272,0.5651031315727781
66,3.0,3.457379077815203,3.528086354731305,0.3533840607778753,3.5193137613515644,3.157205548693223,3.887854673496801,2.9685793436529098,4.1203935913373,0.7306491248035778,1.1518142476843902,0.5098227556163466,0.45737907781520315
67,3.0,3.3534847829741925,3.382028599732368,0.18939187659800294,3.3648310974127265,3.204165531824138,3.57513403710256,3.090458064776414,3.7083702194059396,0.37096850527842173,0.6179121546295256,0.2503403932543842,0.3534847829741925
68,3.0,4.499315545795823,4.560485563766575,0.18422090377931707,4.566931013358493,4.370794380569331,4.742106884578259,4.242074804315336,4.845869328175214,0.37131250400892846,0.6037945238598779,0.2693134893261364,1.499315545795823
69,3.1,2.462637571238805,2.5210233238721305,0.34470944577422513,2.4767369684855987,2.223231866139937,2.7897970052320846,2.064291658909524,3.101978569604901,0.5665651390921478,1.0376869106953768,0.3647481900469933,0.637362428761195
70,2.8,1.9382181279206627,1.9828530653191418,0.3279377905449917,1.9600500999725927,1.6524899108090902,2.320407744307913,1.4624015391490626,2.530006986849318,0.6679178334988227,1.0676054477002554,0.4377118276163743,0.8617818720793371
71,3.0,1.9579516471642728,2.14210634975003,0.3277582418737085,2.139286521375866,1.8198007143824073,2.467576286855371,1.5984304489363843,2.681251931555472,0.6477755724729635,1.0828214826190876,0.4160822035051239,1.0420483528357272
72,3.0,1.0465216411816047,1.1333819168372188,0.3182833649218125,1.0980425149051503,0.8238669389784777,1.448584302079606,0.6509918432858337,1.724422201779775,0.6247173631011284,1.0734303584939413,0.40533295124481283,1.9534783588183953
73,4.0,4.398077680412262,4.453895704278283,0.5230895920564756,4.47518289533558,3.9031799822944375,4.987394723879464,3.6189922784478945,5.262839010335516,1.0842147415850265,1.6438467318876215,0.7844671803558549,0.3980776804122623
74,4.0,8.060438894073123,7.866707372898943,0.6710760759763924,7.9247723696915715,7.135852081091925,8.553420927604073,6.790491268284248,8.938054890033712,1.4175688465121477,2.1475636217494634,1.0025252584064575,4.060438894073123
75,4.0,2.944450271592138,3.066550338742699,0.20293885664359834,3.0498509869333743,2.8620610698731443,3.2546424032897177,2.7688101029610768,3.4301990423744826,0.3925813334165733,0.6613889394134058,0.275627462179985,1.055549728407862
76,3.995,6.548475442427652,6.58040196557139,0.3860201264869022,6.612360673799266,6.199921707190723,6.949665704872331,5.892496447429351,7.158262348531436,0.749743997681608,1.2657659011020854,0.4781047890106018,2.5534754424276516
77,3.9,4.868362572977574,4.942426525662516,0.49383624018476086,4.924302930833661,4.441563422609012,5.426975510933983,4.11594983043054,5.760311376872012,0.9854120883249706,1.6443615464414716,0.6333385503120033,0.9683625729775742
78,4.0,2.923979479490598,2.9648370271221807,0.15608938891952548,2.9580160404608007,2.809098797603551,3.110714223474611,2.7180255887577993,3.2282908407748314,0.30161542587106016,0.5102652520170321,0.1987493575087389,1.076020520509402
79,3.9,5.228696185643297,5.506552388134605,0.5862982787969406,5.450226284870874,4.950604224849318,6.066702428869449,4.6202673086720525,6.502673247859697,1.1160982040201306,1.8824059391876444,0.7496182753320433,1.3286961856432975
80,4.1,3.4129746348939887,3.5087311371894563,0.3348374939630575,3.4556610022752077,3.1941186423707304,3.8431797392183285,3.0678790195548133,4.150744972318976,0.649061096847598,1.0828659527641626,0.4227800983167409,0.687025365106011
81,4.0,2.938392497064562,3.1043858816258796,0.21285116142453014,3.0823147876418755,2.903502689501249,3.299568811836721,2.808183550535341,3.481891889748854,0.3960661223354718,0.6737083392135133,0.26184769657933193,1.0616075029354382
82,4.01,3.723858076014516,3.654211911307205,0.4022237752903976,3.632583906669291,3.2485977442874914,4.058295245641577,3.033520220637753,4.349947793892537,0.8096975013540852,1.3164275732547837,0.5210943454766945,0.2861419239854839
83,3.97,4.502682961084532,4.587864541539934,0.47518377448054644,4.557608841685338,4.119586221915879,5.045398382328939,3.8177538473765495,5.421622459649915,0.9258121604130594,1.6038686122733652,0.6020161626331726,0.5326829610845318
84,4.01,6.19679358382375,6.285190761926277,0.556500984476366,6.343346134687312,5.706261138062757,6.833059901879769,5.303127893121635,7.152415663611994,1.1267987638170114,1.849287770490359,0.7423650012293219,2.18679358382375
85,4.02,6.040921939238347,6.20579069741727,0.49900790999467076,6.211012918890107,5.695520380366417,6.703179539469092,5.3797456401963775,6.9976487152414055,1.0076591591026753,1.617903075045028,0.6784652460270149,2.020921939238347
86,5.0,7.699425932673359,7.850967305312507,0.7774102081506248,7.780064658046295,7.105879787075169,8.681070660079818,6.651818718626168,9.160484174012069,1.575190873004649,2.508665455385901,1.0235542769832309,2.6994259326733587
87,5.0,6.058612002109095,5.935954823253419,0.317173520916174,5.966203546688474,5.606651210512343,6.248286158079611,5.395429634139306,6.451089484372127,0.641634947567268,1.0556598502328205,0.4291869463059639,1.0586120021090952
88,5.0,2.856657437725649,3.0029616055076893,0.25608224862067347,2.9671055493136844,2.7510448806876977,3.2466567477877555,2.650521791410487,3.474135871791658,0.4956118671000578,0.8236140803811711,0.3297019931439671,2.143342562274351
89,4.9,4.594409641811759,4.5417038211599525,0.2813307899536163,4.542381261512778,4.271248891899286,4.819572012247269,4.064572263052628,4.993266544935049,0.548323120347983,0.9286942818824215,0.37132152710669875,0.3055903581882413
90,4.953,2.9431493880807182,2.852241568126779,0.15647909337885116,2.8557472857727477,2.693258855359336,3.010275360181077,2.583413910514486,3.0886651917419483,0.31701650482174104,0.5052512812274621,0.21092335877577018,2.009850611919282
91,4.85,3.8646451847193477,3.745933118021121,0.3485527808432559,3.7357366651813724,3.397390907417546,4.087282335669514,3.2190156497787576,4.343143402513848,0.6898914282519675,1.12412775273509,0.4717756213656461,0.9853548152806519
92,5.0,2.7572685551500964,2.833522643867088,0.2220244046135797,2.8253563305908473,2.6218481035033605,3.0469074888177654,2.4823569077880814,3.2004805987548277,0.4250593853144049,0.7181236909667463,0.2992841842517264,2.2427314448499036
93,4.8,3.2129134865732207,3.1064701960195915,0.43066731833105265,3.110416235997935,2.6854284644258914,3.5428249119125614,2.393512551261507,3.7872833632890694,0.85739644748667,1.3937708120275625,0.6121134759746845,1.587086513426779
94,5.0,5.246999888116752,5.309087664982596,0.6558709498207462,5.3135725492933314,4.611411818329515,5.9789549349642215,4.260087092629024,6.388848811928243,1.3675431166347067,2.128761719299219,0.9517128796003895,0.24699988811675233
95,5.0,4.444287287594192,4.544959231835449,0.5078675007616145,4.517684893165299,4.038770312365633,5.04759916894716,3.733458780107885,5.376964477054386,1.0088288565815269,1.6435056969465012,0.697795383855909,0.5557127124058079
96,5.01,4.4008817118628425,4.4973097623677,0.4880745555450181,4.504523830247678,3.97203547915109,4.9994233886336215,3.7173922423088595,5.264402138249183,1.0273879094825316,1.5470098959403238,0.6947403455910042,0.6091182881371573
97,5.0,5.307268550812862,5.618197512579327,0.6086212260983478,5.6543200454376255,5.011145629993957,6.1803023429761055,4.6022407862505,6.576950887634119,1.169156712982148,1.9747101013836188,0.776322139670798,0.30726855081286164
98,5.0,3.6692421627125476,3.4065193502487756,0.3849480365229805,3.493115089427861,2.992845477351253,3.772997782798774,2.658741259766886,3.8992009721848473,0.7801523054475208,1.2404597124179615,0.4617804228014255,1.3307578372874524
99,5.0,5.183121763010461,5.083699349332152,0.5727877173369049,5.110387779342178,4.52368405553126,5.6470272750502595,4.0965211714734115,5.9842900169027455,1.1233432195189996,1.887768845429334,0.7682983787383018,0.1831217630104609
100,6.0,2.8640048645535554,3.019011197107579,0.31649944085157083,2.9726993905163583,2.7135094606056875,3.3569413566009,2.585169876167805,3.607006839709764,0.6434318959952123,1.021836963541959,0.41771846943225244,3.1359951354464446
101,6.0,2.8107112877000486,2.8268506905001307,0.21364759646042075,2.8052987717468474,2.628653336947591,3.0455538502695236,2.520840785493181,3.2178213393305652,0.41690051332193256,0.6969805538373843,0.273478483406453,3.1892887122999514
102,6.0,2.656729062155471,2.5499845749225676,0.30951820180052875,2.54766473113464,2.2809432502086175,2.833353093789719,2.0476247880143625,3.04398947130166,0.5524098435811013,0.9963646832872977,0.38915013975622914,3.343270937844529
103,7.0,2.711049719902466,2.850661119269884,0.3623735612914914,2.831312374349336,2.4775469388627247,3.230811434707894,2.3045801653864064,3.488502846945728,0.7532644958451691,1.1839226815593218,0.5170556708133227,4.288950280097534
104,7.0,3.8546164085288255,3.7940854144546576,0.2317925641152477,3.794015126800543,3.567011017581176,4.019347150579574,3.3936678647069747,4.156285509510756,0.45233613299839837,0.7626176448037811,0.3008127601482933,3.1453835914711745
105,7.01,5.543708793036169,5.533137719107049,0.5823221752984494,5.538125424756496,4.9323066040109245,6.130710014580895,4.577507637292536,6.460243898077889,1.1984034105699708,1.8827362607853528,0.8263525867535035,1.466291206963831
106,6.8,6.313691331905395,6.300538326228903,0.38057868252477883,6.31797322308617,5.9197095882918225,6.684394649427035,5.6497475650502205,6.9011417596631786,0.7646850611352125,1.251394194612958,0.5266038149467764,0.4863086680946047
107,7.0,5.251567292912863,5.207163697744767,0.46713967046363897,5.181517759613216,4.733261889752439,5.689327851228206,4.49008312078639,6.017066811775293,0.9560659614757672,1.526983690988903,0.6520182276983153,1.7484327070871366
108,7.0,11.024870592323675,10.985439944278772,0.6310867754370644,11.010510743458124,10.370878751569675,11.55935788018163,9.932274708470965,12.021593152351826,1.188479128611954,2.0893184438808614,0.7893420146261683,4.0248705923236745
109,7.0,3.9901193579896836,4.177505825039216,0.392052872161652,4.133530611263206,3.802654035494629,4.5355422248661315,3.6245077996940345,4.891390296011427,0.7328881893715025,1.2668824963173928,0.502149309688706,3.0098806420103164
110,7.0,3.530120895335795,3.270989898604983,0.32292127117242725,3.263126483855686,2.9587604956974936,3.6043745289262765,2.7549798013445423,3.8059530288711847,0.645614033228783,1.0509732275266424,0.43855649446825273,3.469879104664205
111,7.03,6.343453208547807,6.5476188061054135,0.5156838731787462,6.530380908994495,6.04676223423552,7.029240590227788,5.7257372618551905,7.46206135358547,0.9824783559922681,1.7363240917302791,0.6693013634076852,0.6865467914521934
112,7.0,8.44008504796101,8.298391788494941,0.761363752906506,8.358733171253737,7.498517356159501,9.076579343613279,6.954228178275312,9.380452911933984,1.5780619874537782,2.426224733658672,1.088973908397251,1.4400850479610092
113,7.0,6.134870286641562,5.926561489833576,0.6252742756800597,5.959452272020043,5.313982106163484,6.559303944234198,4.8125577302384945,6.890723908526354,1.2453218380707138,2.0781661782878595,0.8306369121375505,0.8651297133584377
114,6.8,4.339824446592578,4.524711030064456,0.5061398720540445,4.515230626906385,4.022897288266961,5.026804399163673,3.7181219324957344,5.387368628129659,1.0039071108967121,1.6692466956339245,0.6940228833110735,2.4601755534074217
115,7.0,7.80307752467562,7.856281093947937,0.33747218674061796,7.860906344430502,7.540313603421437,8.177698059643514,7.291439209894792,8.361738662421313,0.6373844562220778,1.0702994525265215,0.45408522040080435,0.8030775246756203
116,7.0,9.955556829318404,10.073829438507362,0.5434110719424186,10.10176572098421,9.526343420419456,10.593296562994356,9.132744308051722,10.917898421720192,1.0669531425748993,1.7851541136684705,0.6745457200386227,2.955556829318404
117,7.0,4.652606548563905,4.6065205761072505,0.47158072940219353,4.609579640329356,4.128960781074437,5.090175226233028,3.832201639342751,5.384970538882822,0.9612144451585909,1.5527688995400708,0.6293127505997846,2.347393451436095
118,7.0,5.7732510059479845,5.762573415190231,0.8084844718230757,5.809595200241347,4.897959039301347,6.566001632193325,4.385528173058775,7.082308536749388,1.668042592891978,2.696780363690613,1.1956813189289388,1.2267489940520155
119,7.0,9.190687260114396,9.208116652875654,0.44547692507039854,9.23824477727157,8.772505484753363,9.648013388957963,8.368283613766401,9.87648392186304,0.8755079042045999,1.5082003080966384,0.6061513804280381,2.1906872601143963
120,7.5,12.74182336659893,12.843330922606507,0.6153274439361519,12.85005035923259,12.281906136043318,13.408014754921545,11.868358299772444,13.895176749001399,1.1261086188782272,2.026818449228955,0.757150668823467,5.241823366598929
121,7.5,10.465108295741338,10.746449104846771,0.2981049037239315,10.719131221181865,10.455192398287126,11.033085894473045,10.331775074416568,11.26397840751927,0.5778934961859186,0.9322033331027022,0.4093363159946435,2.965108295741338
122,8.3,10.912104285310452,10.841711341518163,0.6950055906690604,10.824138316430307,10.238720544691699,11.446545943725948,9.747397750355548,12.149537662464757,1.207825399034249,2.4021399121092095,0.7786391180095507,2.6121042853104512
123,8.0,4.690065705780302,4.586713565573924,0.17462630066488843,4.599171808641097,4.4180652569362175,4.759885532140996,4.280000745215505,4.841407336778371,0.3418202752047783,0.5614065915628661,0.2358674964237526,3.3099342942196976
124,8.0,3.837957345224729,3.917122322391628,0.1634253047765943,3.9088479978014945,3.7593249644872047,4.087586090684588,3.6645191520872755,4.204943330128488,0.3282611261973831,0.5404241780412127,0.21914861265965735,4.162042654775271
125,8.0,3.1251660090933204,3.21500576593868,0.2790368778207039,3.1888531064214236,2.939361636543216,3.5095688592895042,2.82194231299614,3.7275551255867514,0.5702072227462884,0.9056128125906113,0.37990606790384396,4.87483399090668
126,8.0,5.601496350997045,5.657663386369005,0.3177358814159831,5.621890914241135,5.357055033650018,5.966453525236166,5.199141264116276,6.228632282495056,0.6093984915861483,1.0294910183787795,0.4014066733603485,2.398503649002955
127,8.0,8.469311608429688,8.474125253976904,1.3999759338762252,8.509725669184196,6.972833406324512,9.852029146354916,6.196505571473201,10.714201141096291,2.8791957400304033,4.51769556962309,2.0479915083089617,0.4693116084296882
128,8.0,4.4728426006870965,4.490515237480811,0.2631596993081291,4.509669635287183,4.225718068181696,4.745900530248729,4.048382176697196,4.894323795218762,0.5201824620670328,0.8459416185215662,0.34356113783902664,3.5271573993129035
129,8.0,10.57711100138914,10.154800028358057,0.5520677324087133,10.227920907598143,9.614757383738095,10.674928917597887,9.174476489010415,10.962321111197234,1.0601715338597923,1.7878446221868192,0.7176190587090101,2.57711100138914
130,8.0,8.06049913281865,7.8997476919518546,0.4362461728886223,7.946890487207126,7.4946371646306424,8.313764025708611,7.115507953503882,8.517148808918783,0.8191268610779687,1.4016408554149011,0.5560818638272691,0.06049913281865038
131,8.0,7.98767331331812,7.831997500770514,0.3279463514200705,7.851095263296843,7.499839372707517,8.14222266784614,7.292337241773176,8.336746662011024,0.6423832951386226,1.044409420237847,0.4510356289152355,0.012326686681880084
132,8.0,7.593406953638524,7.356814327068255,0.4301926425887267,7.411284383085816,6.944531034082177,7.781877043617034,6.561655412720959,7.95970913198031,0.8373460095348575,1.3980537192593516,0.5665621919163382,0.4065930463614764
133,8.0,9.355545397229895,9.180426106436416,0.2646338311580849,9.205030865840962,8.914827083928891,9.428002445556066,8.71734017152069,9.5765231508844,0.5131753616271748,0.8591829793637107,0.3456633979723147,1.3555453972298945
134,8.0,8.974902630929119,8.919706275581301,0.30887551298743704,8.9542424185169,8.6248610959056,9.20671304068859,8.375225515298117,9.371483982197653,0.5818519447829917,0.9962584668995351,0.3864421424486544,0.9749026309291189
135,9.1,10.020413650416517,10.044945908148925,1.387710567298587,9.857878263240133,8.638326915469928,11.513858434021746,8.043613760328794,12.606122657659967,2.875531518551817,4.562508897331172,1.8244947230691295,0.920413650416517
136,9.0,7.996399534234203,7.875517905792503,0.43342018235727536,7.887807164119012,7.473769828724417,8.292118134261333,7.158750184379716,8.546849286568786,0.8183483055369161,1.38809910218907,0.5300515238324275,1.003600465765797
137,9.0,8.711906608607638,8.729166542278852,0.25193812165386154,8.717796056110737,8.487408859167644,8.981362566285844,8.332739363406068,9.14132871238637,0.49395370711819986,0.808589348980302,0.351629478816637,0.288093391392362
138,9.7,10.78247353532048,10.925126343148358,0.917209711378372,10.878516243040304,10.032950023041153,11.829884035490398,9.48588382245689,12.565376608717322,1.7969340124492454,3.079492786260433,1.2603432337403948,1.0824735353204815
139,9.3,7.360668321797029,7.519456763995446,0.4993432675892443,7.533995786048307,6.997917608756154,8.034513531814765,6.690947259633536,8.30573023948876,1.036595923058611,1.6147829798552236,0.6928387610111368,1.9393316782029721
140,9.3,4.317831101349409,4.237277227248406,0.19784414175963466,4.246528845762509,4.035769683889493,4.431970965555949,3.8888491408201564,4.555502212412054,0.39620128166645596,0.6666530715918975,0.2630595860036289,4.982168898650592
141,9.3,5.592297783268083,5.5102300185442825,0.6174124539308483,5.572175354671987,4.848962821767737,6.1170472373514775,4.435510816295933,6.457917942772561,1.2680844155837407,2.0224071264766277,0.877975142374039,3.707702216731918
142,9.3,8.24981675004842,8.171567821647924,0.23056393431660746,8.182813151100195,7.942206357715017,8.404830007126906,7.786219760919488,8.516326730693509,0.4626236494118885,0.7301069697740203,0.3183290494201998,1.05018324995158
143,9.3,5.0183402601847,5.1681276576042965,0.48561721788304174,5.172022862143108,4.681926553960164,5.639860001708394,4.374678451851317,5.994900512968763,0.9579334477482302,1.6202220611174463,0.6789294702268451,4.281659739815301
144,9.3,5.8133798192622965,5.89042212073856,0.548964031579063,5.89302205968634,5.363647097989423,6.46190263923536,4.952980162531681,6.750080938501185,1.098255541245937,1.7971007759695041,0.757522013068856,3.486620180737704
145,9.3,6.1921618596049735,6.166946568662693,0.4121156405553855,6.181933515479028,5.764017761423554,6.553345151178121,5.47146124698022,6.813285362652175,0.7893273897545665,1.3418241156719555,0.5384132481318575,3.1078381403950273
146,9.3,4.902699385376469,4.9305572573387995,0.7061721953428456,4.888379356669054,4.254153476634401,5.625444252687198,3.7804006677830264,6.144159439068567,1.3712907760527973,2.363758771285541,0.967919844400785,4.397300614623532
147,9.3,6.845459832496775,6.596578002146252,0.6192233344589813,6.67345289967535,5.962883977930697,7.211069158029038,5.487009290741547,7.499814731515979,1.248185180098341,2.0128054407744322,0.8619913863508843,2.454540167503226
148,9.3,8.678291001909656,8.29830523853248,0.40481214418241235,8.357337865556579,7.936439665066213,8.68627725085717,7.495776097171837,8.827634826505943,0.7498375857909574,1.3318587293341055,0.5098040075384809,0.6217089980903445
149,9.3,8.299661956254726,8.35700640665966,0.3067681507152063,8.377621819825347,8.056858051957418,8.651985236127501,7.845015447491818,8.833000016710011,0.5951271841700834,0.9879845692181934,0.41709923498164514,1.0003380437452751
150,9.3,9.159723567959581,9.29963105102034,0.4047816637311203,9.260612462540735,8.906738585764618,9.695634673398407,8.690659172617881,9.96548273579635,0.7888960876337894,1.2748235631784688,0.5256482344377744,0.1402764320404195
151,9.3,7.447761462194792,7.533020048202272,0.4352113451208146,7.529672288370203,7.109812941960756,7.942637751039849,6.828847596487719,8.251970782683102,0.8328248090790931,1.423123186195383,0.5821726814142814,1.852238537805209
152,9.3,10.357841850036545,10.377044648072298,0.3370887553575886,10.369935896823367,10.048170166537266,10.707058469267709,9.840391818693433,10.924706819131101,0.6588883027304426,1.0843150004376678,0.4661100758155765,1.057841850036544
153,9.3,11.586709294275192,11.660758990384828,0.41858345412453135,11.651917639880146,11.261903733439206,12.094413422711522,10.990304541288348,12.327723434972384,0.8325096892723156,1.3374188936840365,0.5992237428335709,2.286709294275191
154,9.3,10.311289959524863,9.950930846948289,0.6176866876712886,9.940276981812874,9.319233492762843,10.572750390520982,8.954174582857133,10.973683583856994,1.2535168977581392,2.019509000999861,0.8638320560104553,1.0112899595248628
155,10.0,9.601591292072321,9.237998071217502,0.6771470312920604,9.244056615013076,8.56831599935303,9.91534225862213,8.128849216446357,10.312525640218974,1.3470262592691,2.183676423772617,0.8778917345771191,0.398408707927679
156,10.0,10.049241604791337,9.9152803217921,0.439110019684277,9.9312487128541,9.497858200538019,10.345374563780627,9.139862847592207,10.633645617773945,0.8475163632426082,1.4937827701817383,0.559340962059732,0.04924160479133732
157,10.0,7.192729378906038,7.280430253436504,0.4591727054055374,7.274019018348144,6.811814678158941,7.739679833936971,6.553801332834425,8.069738022075892,0.9278651557780302,1.5159366892414674,0.6002970266807495,2.807270621093962
158,10.0,8.174090947048144,8.214330197266415,0.3466014442311927,8.228081774835513,7.892411424701946,8.53192847094548,7.624318055821021,8.734493163929487,0.6395170462435349,1.110175108108466,0.4353219144197098,1.8259090529518556
159,10.0,8.300163961930009,8.187123128190112,0.47245352882747377,8.231608013427039,7.686876705084774,8.648827611205087,7.350084025222867,8.898082726137726,0.9619509061203129,1.5479987009148592,0.6528058234748553,1.699836038069991
160,10.0,5.072934239478986,4.861173405617897,0.5716741808676892,4.839764983151429,4.32357109788232,5.469321122004107,3.921930580657794,5.812396911499828,1.1457500241217868,1.8904663308420342,0.7926833519687317,4.927065760521014
161,10.0,8.36149564070838,8.090109199579212,0.3050449368943346,8.111934914159985,7.777976334991171,8.397888750374964,7.541248294102275,8.534449998812066,0.6199124153837934,0.993201704709791,0.40144285705982696,1.6385043592916197
162,10.0,8.00225241734715,7.9124783854645075,0.43395380441673487,7.913429152977502,7.484436834677581,8.323702265170963,7.2086808912954465,8.618626245009468,0.8392654304933824,1.4099453537140212,0.5907700843162313,1.9977475826528508
163,10.0,4.126029996546117,4.055739185885027,0.5410729340199562,4.136856317027465,3.4842482102898273,4.567554097434628,2.9924345169127107,4.824564763066759,1.0833058871448005,1.832130246154048,0.685625460251436,5.873970003453883
164,10.0,8.382300987064768,8.109650004962543,0.4327100889211359,8.155892461752567,7.645748495989355,8.532861962735597,7.346752285349002,8.75635738640642,0.8871134667462419,1.4096051010574175,0.5857999999855021,1.6176990129352316
165,10.0,10.439044482452273,10.356156799740358,0.9519540399287039,10.331649299544395,9.356641879665077,11.339772452609736,8.848082532177369,11.99500696579165,1.9831305729446598,3.1469244336142808,1.371989910847466,0.4390444824522728
166,10.0,4.2490666887661,4.2621932618031195,0.41719957495765764,4.228869079907893,3.840456741757865,4.683870034178835,3.607274090597631,5.01822025708075,0.8434132924209696,1.4109461664831189,0.5551842000406335,5.7509333112339
167,10.0,8.824046214139818,8.012294603916974,0.7363542109026254,8.265049788794384,7.315883317863037,8.630398268240432,6.416300701446666,8.753164976686053,1.3145149503773954,2.336864275239387,0.6781775359148261,1.175953785860182
168,10.0,11.040286360482495,10.57365250788652,0.6454838075259651,10.60833872180275,9.944856739678551,11.201869195378876,9.415228533215583,11.60749240438395,1.257012455700325,2.1922638711683664,0.8541897152317315,1.0402863604824955
169,10.0,9.935808846462782,9.920448037447674,0.08497433633398943,9.93712227921449,9.86329411714946,9.99153822316075,9.747564957151004,10.01494361006512,0.12824410601129088,0.26737865291411644,0.0854593766504248,0.06419115353721772
170,10.0,9.605628516996154,9.242677244451189,0.31597699229120924,9.305787225734031,8.935550409256294,9.5377397095055,8.629152219362267,9.640433008037355,0.602189300249206,1.011280788675089,0.37982641246984983,0.3943714830038463
171,10.0,9.99190906770982,9.927139057439899,0.0996229258249777,9.942473732144151,9.859237621286656,9.994174530469403,9.760750056848812,10.006985420724202,0.1349369091827466,0.2462353638753907,0.09374130736743425,0.00809093229018032
172,10.0,9.807617348742946,9.694066228368138,0.22317286944695439,9.745839654540687,9.464638600602736,9.905545008058281,9.283292171024867,9.988200047687652,0.4409064074555449,0.7049078766627854,0.29057790041365905,0.1923826512570539
173,10.0,9.993887103475993,10.004831949907244,0.01860891086125405,9.999349344040802,9.99018820828694,10.022925099589951,9.983334049322934,10.033881430745852,0.03273689130301172,0.050547381422918036,0.01800641237664813,0.006112896524006928
174,10.0,10.227089070022892,10.242519806171487,0.10746294016402028,10.232743406223461,10.13869956560346,10.353695026332412,10.083966727135106,10.42967943806477,0.21499546072895193,0.34571271092966427,0.1488360147915362,0.2270890700228918
175,10.0,9.957309610470325,10.00036238591597,0.046180280579055766,10.002986732503267,9.955247045491372,10.046292816198381,9.92483421491726,10.071882266203087,0.0910457707070087,0.147048051285827,0.06056999160952259,0.04269038952967463
176,10.0,10.022360484246203,10.080288884906164,0.14794531107395542,10.03886995454241,9.962661374390306,10.222010062637956,9.913750983713973,10.390066470356304,0.2593486882476501,0.47631548664233136,0.13655317748316875,0.02236048424620307
177,10.0,10.170490389426527,10.176900725918477,0.0671287150520467,10.179132395950832,10.109685970080436,10.245451468667843,10.056802597037132,10.271098713990389,0.13576549858740705,0.2142961169532569,0.09450699719779898,0.1704903894265275
178,10.0,10.07081222076772,10.077549643598896,0.06827502569116416,10.072521695974388,10.025276770517957,10.127013004321592,9.988411932792092,10.192766418054807,0.10173623380363495,0.2043544852627157,0.06621886760981788,0.07081222076772065
179,10.0,10.37367561149058,10.364887911737995,0.26522084990258604,10.412061596339065,10.113404852703999,10.607834788908146,9.876654568167176,10.703247412291239,0.4944299362041473,0.8265928441240629,0.3023952822887992,0.3736756114905795
180,11.0,11.434458378383,11.299042482066522,0.18067301881623674,11.33165945001773,11.165409279455178,11.440559250190464,10.938885076834513,11.513335294909913,0.2751499707352867,0.5744502180754001,0.17842119189391248,0.4344583783830007
181,11.0,11.720732274316408,11.74634138454604,0.943842834054604,11.68523065650825,10.783444867286043,12.778115541246168,10.291482216598919,13.361458160754292,1.9946706739601243,3.069975944155374,1.3478603119201509,0.7207322743164077
182,11.0,10.50675708850834,10.132411149963264,0.9927021380863446,10.139700558985469,9.14849327058696,11.147182627719967,8.355582479229863,11.704126763752809,1.9986893571330082,3.348544284522946,1.3923294314653472,0.49324291149165944
183,11.0,10.962154194879929,10.904279629775502,0.4103188790995621,10.916254832570043,10.50797640249372,11.304701191005423,10.201824662984677,11.594779661367003,0.7967247885117033,1.3929549983823257,0.5481100787195192,0.03784580512007096
184,11.0,11.19764256407688,11.229008239859791,0.38862670119866205,11.197217959290224,10.846300797805103,11.623709193492962,10.67459338257887,11.964765712126683,0.7774083956878588,1.2901723295478131,0.5247768015135179,0.19764256407687952
185,11.0,12.007587826783482,12.023636178709701,0.15217167857678773,12.032616158655092,11.8799994558226,12.165816833084099,11.748003277671684,12.240766288757591,0.28581737726149825,0.49276301108590737,0.1875200249524802,1.0075878267834817
186,11.5,13.072900737100236,13.06774571555306,0.3595355147437218,13.101236305017128,12.712462396437394,13.412401873759238,12.419056214988094,13.5778055336094,0.6999394773218448,1.1587493186213056,0.44754713435575866,1.5729007371002357
187,12.5,13.17449673430054,12.753890153869175,0.7636106507130677,12.836835851398643,11.983187809548548,13.572556251907024,11.426110105699587,13.794316402656449,1.5893684423584755,2.3682062969568616,1.2157567655912054,0.6744967343005399
188,12.5,13.385375246740272,13.245535065941745,0.2837794383434757,13.281799725333318,13.024998721110011,13.497942587672041,12.742101104071223,13.617253631728612,0.47294386656203,0.8751525276573897,0.32297013704329025,0.8853752467402725
189,12.5,11.554802517224868,11.390292680227578,1.4160184610020947,11.473287904097283,10.179644196154376,12.756922591091817,8.699414125149131,13.661873186330226,2.5772783949374407,4.962459061181095,1.7976791393151696,0.9451974827751322
190,12.5,7.517609304093699,8.060819526941373,0.8516161591370371,7.974909181039099,7.232367506044274,8.839789237755658,6.883069671778843,9.762839992542375,1.6074217317113844,2.879770320763532,1.1074384237002164,4.982390695906301
191,12.0,7.811412761547003,7.905834270821412,0.2599885163864741,7.913686547483039,7.650123307013132,8.1648887411567,7.484719017511828,8.330108214048154,0.5147654341435679,0.8453891965363267,0.3548109754879256,4.188587238452997
192,12.0,10.34329421405726,9.939052702417507,0.5709316377215967,10.001516344251884,9.425118559680804,10.464343145093103,8.794882161540347,10.77158053034096,1.039224585412299,1.976698368800614,0.6645512375176246,1.6567057859427408
193,12.0,10.912058621019561,10.77639276443885,0.44239877918792075,10.777014910059794,10.351081707469522,11.155288505615275,10.090499630862928,11.575536810625358,0.8042067981457528,1.4850371797624309,0.5306932495247327,1.0879413789804389
194,12.0,10.214598100453602,10.145699266761586,0.4639026103688297,10.16666579071891,9.696436511460806,10.60042954518222,9.332340902168417,10.897999956510613,0.903993033721413,1.5656590543421967,0.6299169632452255,1.7854018995463985
195,12.0,7.060379396683612,6.7618193128611335,0.8408897728710887,6.803749653052787,5.928174483704364,7.623610857755631,5.206692546208179,8.039810951789688,1.6954363740512672,2.8331184055815095,1.1887609582313923,4.939620603316388
196,12.0,12.593612422814024,12.668745586702782,0.6096419397078866,12.671832400422547,12.058787637606887,13.28430556629103,11.663043093119446,13.69573572672487,1.2255179286841429,2.032692633605423,0.8427998207710772,0.593612422814024
197,12.0,11.458561099413652,11.070605517695256,0.28713558131046485,11.122027972031958,10.793263157717611,11.333697829826901,10.504071922208247,11.436623056567006,0.5404346721092903,0.9325511343587589,0.34383257549448487,0.541438900586348
198,12.0,10.963233600046198,10.634150452686582,0.274134569481666,10.681805079228173,10.407939283394487,10.87708637767254,10.085368641889517,10.985153200169767,0.46914709427805334,0.8997845582802508,0.30493646666097973,1.0367663999538017
199,12.5,9.022954360551582,9.066675131598775,0.5466069511874456,9.058898919947282,8.529634053264285,9.581468499298042,8.167594365156493,9.986420664094585,1.051834446033757,1.8188262989380917,0.6904870442088935,3.477045639448418
200,12.0,13.54447938762185,13.362064382295097,0.4022070890700493,13.398818228470699,12.988429308218613,13.756590996217337,12.634868255989673,13.927895217320973,0.7681616879987239,1.2930269613313001,0.528086804708364,1.54447938762185
201,12.0,13.054946823677566,13.146436585520318,0.20204491324638205,13.130486125550664,12.939139480301387,13.34896704306012,12.850549221147853,13.50585262015711,0.4098275627587338,0.6553033990092576,0.2792532863475685,1.0549468236775663
202,12.0,12.039629851390226,12.126250531484988,0.20257917055292762,12.117783164929786,11.931257354138657,12.331396498381771,11.791175531048776,12.45474203633805,0.4001391442431146,0.6635665052892747,0.28298545379850104,0.03962985139022557
203,12.0,13.322194339291443,13.36499362508591,0.6239619657988587,13.26703491998303,12.737965327077491,14.04415802936832,12.501176057541963,14.51049390187273,1.3061927022908293,2.0093178443307664,0.903177546309232,1.3221943392914426
204,12.5,11.593306879329306,11.629435566769631,0.4094945072678185,11.662349512826271,11.20520943223071,12.034653821326167,10.907209323280508,12.2660586558892,0.8294443890954568,1.358849332608692,0.5485502799137691,0.9066931206706936
205,12.0,12.409891978285781,12.298775838202085,0.2608948935296195,12.267868483035397,12.053237605959318,12.545559517319385,11.912478100784995,12.797368122756911,0.492321911360067,0.8848900219719162,0.3141359033523372,0.4098919782857813
206,13.0,10.624477142725745,10.759583579314242,0.6758272773004527,10.719298938799879,10.079853534644341,11.434431051603552,9.772928004166067,12.00422506349738,1.3545775169592105,2.231297059331313,0.9335349215843021,2.3755228572742553
207,13.0,13.158706822916916,13.376590635763899,1.1320843976793784,13.182867020016475,12.253931454278932,14.587354391742535,11.776968908377727,15.354535899311792,2.3334229374636024,3.5775669909340646,1.6414543409849234,0.1587068229169155
208,13.0,13.218406943302334,13.158240668222932,0.54156969396374,13.191311835826525,12.627491443651614,13.656575648672929,12.21785959063343,14.04744272974708,1.0290842050213147,1.82958313911365,0.6700553178588216,0.2184069433023339
209,13.0,13.436443289452297,13.258142119752447,0.385532540050619,13.267873519369203,12.86567052225638,13.673479745216877,12.611466807584236,13.884102567268576,0.807809222960497,1.2726357596843396,0.5306219721186309,0.4364432894522974
210,13.0,12.715335809094084,12.711146187004408,0.23941451928205168,12.71894851671216,12.47314148147465,12.955717837742023,12.306297735799081,13.09886214740118,0.48257635626737283,0.7925644116020987,0.32368972986758493,0.2846641909059162
211,13.0,12.688525657486515,12.683921434254952,0.5025265744906735,12.679324174594907,12.183491030720818,13.192861022207802,11.88931212503412,13.510939452228625,1.0093699914869845,1.6216273271945045,0.6683400322115745,0.3114743425134847
212,13.0,7.757212236880283,7.663428677224137,0.7255042965086472,7.683199220365256,6.971877008748475,8.362275676611391,6.493476558092823,8.798965525790516,1.3903986678629163,2.305488967697693,0.9668794463677575,5.242787763119717
213,13.9,15.248746128846813,15.079527809980439,0.3848004986999409,15.066526941434063,14.699841591471246,15.469847387663972,14.44638566718837,15.75823498805485,0.7700057961927254,1.3118493208664805,0.50105632090394,1.3487461288468126
214,14.0,16.218686476235288,15.937963083807581,0.414927001349766,15.972640205203653,15.55927292468368,16.339094005960913,15.20496604033225,16.560190606693798,0.7798210812772322,1.3552245663615476,0.5112198691780474,2.2186864762352876
215,14.0,12.592452945286816,12.626776676428738,0.7371725821247779,12.702833330335482,11.977765924342835,13.31451526088762,11.31299365267597,13.655020583590332,1.3367493365447842,2.3420269309143613,0.9122656976958261,1.4075470547131843
216,14.3,12.909489347720346,12.237449488251594,0.9354024991754494,12.43914911147872,11.17331636746004,13.16043560490095,10.475562981650203,13.441359413679583,1.9871192374409095,2.9657964320293804,1.3319944747023538,1.390510652279655
217,14.0,12.3406908117241,12.583491453996116,0.9783119960730301,12.522905090671564,11.590635990472014,13.611285106175453,11.05793121167239,14.204064413429649,2.0206491157034385,3.1461332017572587,1.4877650248449434,1.6593091882759001
218,14.3,15.961027113542732,15.923455746882277,1.462242479682952,16.025888657715363,14.30771910746128,17.397631738330396,13.352064610003692,18.182332975242275,3.089912630869117,4.830268365238583,1.9356534576486482,1.6610271135427315
219,14.0,10.806893569212425,10.867458680356393,0.5478403849741578,10.833312872707896,10.339669951894033,11.39273546707592,10.003345397232799,11.892904652639606,1.0530655151818866,1.889559255406807,0.7261059054675663,3.1931064307875747
220,15.0,15.291070392823633,15.321914350644516,0.14568904972488045,15.316902540920097,15.190794327080004,15.443130787001925,15.089008197358748,15.564157733134207,0.25233645992192066,0.4751495357754596,0.1655612791932075,0.2910703928236327
221,15.0,15.597008709817096,15.44675817847844,0.22783523402036893,15.464127739218341,15.20508797233236,15.656806785550282,15.062778351157709,15.80196296693661,0.45171881321792284,0.7391846157789015,0.2812172222222191,0.5970087098170964
222,15.0,15.214936152882203,15.176759600757059,0.8069018435947777,15.189971288101306,14.347663885908176,15.976612170726286,13.822426562138517,16.460345338827835,1.6289482848181098,2.637918776689318,1.0968202818303254,0.2149361528822027
223,15.0,14.948926930480587,14.864198049037222,0.12208684834777435,14.8941573475662,14.763881287438121,14.96557679506233,14.629257084776304,14.990719236088697,0.2016955076242084,0.36146215131239323,0.1254509174901024,0.05107306951941304
224,15.0,14.53033079329494,14.454911265095529,0.609615977155286,14.478666751851872,13.825731190056134,15.05303348018649,13.470428961698236,15.41845275044146,1.227302290130357,1.9480237887432246,0.836516524515412,0.46966920670505985
225,15.0,15.07332705665434,15.110981315055962,0.21131219757631434,15.07250856183217,14.915902986308721,15.33294162855175,14.824178138765705,15.527278654153784,0.41703864224302833,0.7031005153880798,0.24211118423933264,0.0733270566543407
226,15.0,7.565754215980105,7.348759217386073,0.29699426057673495,7.384422545199979,7.103346057590757,7.606728440200162,6.804455756907188,7.749752144385297,0.5033823826094048,0.9452963874781082,0.3274724849708024,7.434245784019895
227,15.0,14.525431042579418,14.251494363863467,0.5923282378594961,14.36609687998078,13.78913686764893,14.736068119704305,13.296750233697283,14.970503296574677,0.946931252055375,1.6737530628773936,0.5921932760236217,0.4745689574205816
228,15.0,4.400455908923583,4.302275406704493,0.5192233576036409,4.320518489968988,3.767340475357654,4.80399037753396,3.4056766472308775,5.114688732847393,1.0366499021763063,1.7090120856165152,0.7186350094118845,10.599544091076417
229,15.0,13.588139660881424,13.48316664698466,0.6082767595120372,13.526580960054382,12.917842687244027,14.078550719439669,12.421061793790662,14.398136336900702,1.1607080321956413,1.9770745431100405,0.7572035981308929,1.4118603391185758
230,15.0,9.757946895238742,9.95747703781652,0.2821688714752044,9.926761481942943,9.681050879993116,10.251888101199532,9.554994923465467,10.454619186531062,0.5708372212064159,0.8996242630655953,0.39379493939394017,5.242053104761258
231,15.0,14.715767859371818,14.766912119216684,0.31455527609975775,14.796142833917951,14.511118733795497,15.023018194669797,14.24100305675558,15.214913507573705,0.5118994608743002,0.9739104508181242,0.32659977062794177,0.28423214062818225
232,15.0,16.786232586140642,17.044927102771076,0.9887444969566586,17.025768719945294,16.101892587360553,18.009220128502204,15.50609841975698,18.71895049164877,1.907327541141651,3.21285207189179,1.2761970278502766,1.7862325861406418
233,15.0,14.733041310059258,14.718650084659812,0.5148234059819062,14.752047988156935,14.258616846663667,15.139263935093085,13.827716963465832,15.567083902832229,0.8806470884294182,1.7393669393663966,0.5201948183844767,0.2669586899407417
234,15.0,12.64661656674637,12.636490468249015,0.9636402802919237,12.739415737698499,11.62033465872639,13.576005329700827,11.058017090394324,14.137046880096927,1.9556706709744365,3.079029789702602,1.3490917703488456,2.3533834332536294
235,15.0,14.724976692978151,14.473255073211707,0.6008614323499171,14.63063304092531,13.917662072975274,15.01107050155305,13.295868766319666,15.164467159729098,1.093408428577776,1.8685983934094317,0.6799911518289559,0.27502330702184885
236,15.0,15.561122066026032,15.742399378174337,0.6434723622012403,15.74116052721735,15.130918844291267,16.363260539656295,14.715860997321238,16.78398393709181,1.2323416953650277,2.068122939770573,0.8367887758175243,0.5611220660260319
237,15.0,15.1804933858312,15.170761539837287,0.21764651900265725,15.143993023569127,14.977315556533103,15.356544752940637,14.867897087546902,15.566338931773782,0.3792291964075343,0.6984418442268794,0.25376523223915903,0.18049338583120011
238,15.0,15.735653524395989,15.832077024785905,0.1958172206617796,15.81732032720339,15.637874271029414,16.019462474207103,15.558115638455776,16.169200572763387,0.3815882031776887,0.6110849343076108,0.2675240750742258,0.735653524395989
239,15.0,14.994875409031009,14.999872597165739,0.11914303225017059,15.00781118813563,14.92261694240598,15.080872897335084,14.824162174837946,15.158944361393736,0.15825595492910338,0.33478218655579006,0.09443209081252846,0.005124590968991427
240,15.0,12.35482171129775,12.503738174611252,0.22001087994865343,12.501136755851004,12.285573883111978,12.719986511186347,12.147274921480282,12.861805197944847,0.4344126280743694,0.7145302764645649,0.27861650096642876,2.6451782887022492
241,15.0,12.368200601689118,12.4368686668453,0.514496557720277,12.411645347308072,11.927558575930203,12.995389994297017,11.58121240081386,13.28853331916434,1.067831418366815,1.7073209183504812,0.7522532481598372,2.631799398310882
242,15.0,13.973598214717605,13.810691544814347,0.5476706878208918,13.889210186124505,13.280379457999656,14.332331544549392,12.781874620444738,14.598928757560735,1.0519520865497363,1.8170541371159974,0.7081122645170623,1.0264017852823955
243,15.0,9.94189337305104,9.840119372259005,0.3319425946926199,9.840866857899524,9.496582860230527,10.162787009414677,9.332462698088749,10.385651881209546,0.6662041491841499,1.0531891831207965,0.47296153846153643,5.058106626948961
244,15.0,12.776677816283687,12.814479506497626,0.2218494787676099,12.821509244710997,12.600400016209875,13.021551238351709,12.430877639138373,13.160236122369579,0.42115122214183387,0.7293584832312057,0.2805128520463338,2.223322183716313
245,15.0,10.60695127757805,10.208576153886765,0.5060771835019061,10.277816198471694,9.743952810070677,10.711794493878276,9.239207869944813,10.894474160074562,0.9678416838075989,1.6552662901297488,0.6659239387163574,4.39304872242195
246,16.0,17.05282083258501,17.032913499487982,0.5174434474203318,17.03100895695597,16.51564823389377,17.532254899664984,16.194619698092755,17.890275637470378,1.0166066657712136,1.6956559393776232,0.6879386098919973,1.0528208325850095
247,16.0,7.863048391799194,7.9759205490789356,0.535934695298726,7.990595683170351,7.443431838254516,8.519844230293572,7.03567613786329,8.844544389490128,1.0764123920390558,1.808868251626838,0.7293451956909642,8.136951608200807
248,16.0,19.785351798375476,19.42179224002617,0.48564250495604916,19.46654312852916,18.960230315784635,19.891621793254565,18.554448945938816,20.113198370447545,0.9313914774699299,1.5587494245087292,0.618541029010995,3.7853517983754763
249,16.0,14.53298081410498,14.581437489212895,0.9743512008877077,14.54335461781099,13.568691672793381,15.58133981142171,13.081752987466867,16.220574158877625,2.012648138628329,3.1388211714107577,1.4416532632318262,1.4670191858950208
250,16.0,15.507996161752736,15.298196340863472,0.2740860918751109,15.357084644013925,15.087158573237055,15.535250295277873,14.744518369973688,15.604802815098553,0.44809172204081804,0.860284445124865,0.2840705319684904,0.492003838247264
251,16.0,14.723478720511705,14.562657397416938,0.29906566961613645,14.612886105622838,14.316848383863281,14.82093505767478,13.959702154106212,14.939099727080817,0.5040866738114982,0.9793975729746052,0.3303175852389195,1.2765212794882945
252,16.0,15.3217817714172,15.451247644162482,0.44930451525433773,15.386618825002907,15.051112038717372,15.889584724344385,14.826990313277346,16.274823799495366,0.8384726856270124,1.4478334862180198,0.5385959258452093,0.6782182285828
253,16.0,17.067097068461074,17.09947167929322,1.089164428546141,17.203432659354302,15.964560151982718,18.212643951559823,15.159166912732967,18.731540297409666,2.2480837995771044,3.5723733846766983,1.543904250377004,1.0670970684610737
254,16.0,15.426478426182621,15.330043140884229,0.3371123037385987,15.382310355330178,15.035846765873016,15.622967995949192,14.682326685525064,15.781446304856564,0.5871212300761766,1.0991196193314998,0.3617155018514975,0.5735215738173789
255,16.0,16.938656890165266,16.98786424462438,1.0261191268580034,16.948627442759722,15.951303302505623,18.069945600169106,15.369131283171892,18.68460682107787,2.1186422976634827,3.3154755379059786,1.5289525205566932,0.9386568901652659
256,17.0,19.10178124203078,18.99153833651096,0.809535860524243,19.105772062668862,18.268304147433,19.73400627333377,17.420341888276415,20.110080779190163,1.4657021259007692,2.6897388909137483,0.9912339360688271,2.1017812420307784
257,17.5,17.53041526512432,17.716847918693617,1.04203086243147,17.7421232512435,16.71927835747674,18.82339771559148,15.90377726383739,19.361220992805546,2.1041193581147404,3.4574437289681548,1.4267736116176977,0.03041526512431858
258,17.8,16.45395868765709,16.737172444009257,0.6663253008739359,16.6648098441508,16.109011676164023,17.385628336944823,15.742983216327259,17.955537010005813,1.2766166607807996,2.2125537936785538,0.8686703313397395,1.346041312342912
259,18.0,14.98123790511614,14.988720570224217,0.337192983738359,14.992701268571363,14.655360479036181,15.305760131991187,14.413579795273652,15.535066769483985,0.6503996529550058,1.1214869742103328,0.4490973395209146,3.0187620948838596
260,18.0,13.679087393224618,13.557111309759195,0.34955504900061524,13.58526651731776,13.211367300640322,13.908778612955867,12.934372864110262,14.105230266988483,0.6974113123155448,1.1708574028782213,0.45358029038464664,4.320912606775382
261,18.0,20.175238095238093,20.28285370550408,0.34615639234307927,20.27690476190476,19.962738095238095,20.593804761904764,19.742567857142856,20.880139880952377,0.6310666666666691,1.137572023809522,0.4402833333333298,2.175238095238093
262,18.0,19.31315014652018,19.498178357950827,0.3691431860913046,19.499578877139598,19.125005865201206,19.88576514725551,18.903505358753776,20.09140109936182,0.7607592820543019,1.1878957406080453,0.5300031601517539,1.3131501465201794
263,18.5,18.122713235294118,17.983793276852936,0.25165124389631116,18.033689950980392,17.77482261904762,18.19589823529412,17.5242025249616,18.30025698529412,0.421075616246501,0.7760544603325208,0.26171323529411694,0.3772867647058824
264,19.0,15.836454535909333,15.930146284854132,0.35870067753334167,15.899591913912726,15.573959904964072,16.266470418991684,15.401903894895051,16.602513450462652,0.692510514027612,1.2006095555676009,0.46514956915523875,3.1635454640906673
265,19.0,13.181668138737448,13.277933022657407,0.19667058683790614,13.286274026961875,13.094822543452759,13.465444002180462,12.946583304585218,13.58445276677799,0.3706214587277028,0.6378694621927714,0.23775507039477084,5.818331861262552
266,19.5,19.07543502550792,19.017601476754546,0.8460731384365161,19.106242993474282,18.195054378953433,19.838747265382963,17.537379520776202,20.260441541150925,1.6436928864295304,2.723062020374723,1.131177277556791,0.4245649744920783
267,20.0,20.31865196078431,20.473720478627342,0.4029392302516171,20.437575980392158,20.067035294117648,20.875294107539922,19.864443627450978,21.18906862745098,0.8082588134222739,1.324625000000001,0.519166666666667,0.3186519607843117
268,20.0,20.667244583333336,20.65296297732861,0.43361359941277056,20.666077916666666,20.240744583333335,21.04620125,19.911375065789475,21.332141395833332,0.8054566666666645,1.4207663300438576,0.5838387499999982,0.6672445833333356
269,20.0,20.023244583333334,20.052340335430525,0.4464375525142206,20.069494583333338,19.584369133333336,20.499769133333334,19.315702916666666,20.792083333333334,0.9153999999999982,1.476380416666668,0.6219945833333362,0.02324458333333368
270,20.0,14.978884040668682,14.980500406246398,0.09013226715961822,14.988243952665176,14.90648869018302,15.056975461767916,14.835524939243493,15.110242339332569,0.15048677158489632,0.2747174000890755,0.08899415478225414,5.021115959331318
271,20.0,4.737232383742757,4.979404571666256,0.5979079943680963,4.936317225070748,4.411030215355046,5.562457002826163,4.050128385570803,6.067265515007066,1.1514267874711166,2.0171371294362634,0.7884887204448727,15.262767616257243
272,20.0,9.12171392073275,9.063098285799937,0.7223467493798678,9.01989201903519,8.369554016868426,9.764434819577657,7.924121750226518,10.364480115621552,1.3948808027092312,2.440358365395034,0.8760095893261486,10.87828607926725
273,20.0,18.23074528430181,18.542506881372105,0.48176556110918806,18.491255078116247,18.07020275456106,19.033716394596237,17.856228099012544,19.41675318233471,0.9635136400351776,1.5605250833221653,0.640018355507209,1.7692547156981888
274,20.0,20.135710522964075,19.851962447426992,0.3297048899196474,19.88738955331302,19.58315137919762,20.141169443797846,19.294426461929056,20.261686249787473,0.5580180646002262,0.967259787858417,0.38521297325862847,0.13571052296407515
275,20.0,13.629287331697824,13.722991800488723,0.6043135970634564,13.72536555819567,13.147235632161827,14.285043460046687,12.711393812054704,14.642016759468978,1.1378078278848598,1.9306229474142746,0.8069700046435138,6.3707126683021755
276,20.0,14.45415445498837,14.590392337769647,0.7890711750803836,14.455908020447227,13.80606676233785,15.427051432719027,13.536271731396141,16.153324397938484,1.620984670381178,2.6170526665423424,1.0417255525598215,5.54584554501163
277,20.0,14.086368701916122,14.084706119757346,0.29821345373266056,14.083099131663683,13.80003647176788,14.364706487389624,13.609600570688317,14.57107797232611,0.5646700156217435,0.9614774016377936,0.4054501241629911,5.913631298083878
278,20.0,18.29711345183287,18.458987517575185,1.5541619205797677,18.449812245649305,16.95222219759715,20.030151455920926,15.886426174081329,20.93784851730384,3.0779292583237776,5.051422343222512,2.0621674050323406,1.702886548167129
279,20.0,18.961927928576213,18.887540150699493,0.8255674503189611,18.877255053177336,18.115518925907367,19.580824563899057,17.557365225651957,20.341371168994954,1.4653056379916904,2.784005943342997,0.9421376222719928,1.0380720714237874
280,20.0,18.871717401313344,18.682516464960372,0.46730613072297017,18.702436350673842,18.264903631007776,19.12762089851286,17.853736004205945,19.40855889824433,0.8627172675050829,1.5548228940383844,0.5792165710213268,1.1282825986866563
281,20.0,20.813997929708666,20.86801070024926,0.9696045542667729,20.813533438226838,19.96871633013185,21.814711585919575,19.431993355513516,22.62358535589937,1.8459952557877237,3.191592000385853,1.23583677184158,0.8139979297086661
282,20.0,19.637260420429335,19.832354862550932,0.7018346427946344,19.76638570523395,19.156327274638567,20.508688469977823,18.81281635348039,21.09506106027935,1.352361195339256,2.2822447067989593,0.8994616449480048,0.3627395795706647
283,20.0,17.0517142756983,16.98036792906256,0.3695267635104872,16.964235966918928,16.602451006163147,17.342617436915187,16.387522849364153,17.623467932100244,0.7401664307520406,1.235945082736091,0.4869746707780749,2.9482857243017015
284,20.0,17.627569739179506,17.284666975513304,0.8140176003485924,17.397653136540317,16.438376092332632,18.089427701862014,15.820544614326977,18.486629063656572,1.6510516095293823,2.6660844493295954,1.1303567728344426,2.3724302608204937
285,21.0,21.611142611683846,21.668136913620103,0.381942847172645,21.66916666666667,21.243059793814435,22.055882817869417,21.071645833333335,22.263432130584192,0.8128230240549819,1.1917862972508573,0.5795833333333213,0.6111426116838459
286,21.0,20.443657017543856,20.349270958220604,0.265046926054429,20.37354141862388,20.094205295888788,20.6075,19.879790045214385,20.744620933842334,0.5132947041112139,0.8648308886279494,0.3405185125847545,0.5563429824561439
287,21.0,19.13007969413306,19.153278157423756,0.4584129179704252,19.17151892149067,18.724969759492538,19.606099395984216,18.328510784728575,19.907500676909265,0.8811296364916785,1.5789898921806902,0.5855293719332266,1.8699203058669411
288,21.0,20.234333783783782,20.19313430009799,0.3228509912363298,20.19728378378378,19.887367117117115,20.487789783783782,19.68125493457743,20.70506061776062,0.6004226666666668,1.0238056831831877,0.4192333333333309,0.7656662162162178
289,21.0,19.563688545688542,19.313778842891548,0.562589074454604,19.384821879021878,18.725220081116387,19.87255854568854,18.351354672825543,20.097287474259968,1.1473384645721545,1.7459328014344244,0.7311666666666632,1.4363114543114577
290,20.8,16.421541373000817,16.4336880758621,0.41601930319894564,16.420787826901524,16.035780246562407,16.849684168734495,15.795053087793118,17.12216172556492,0.8139039221720878,1.3271086377718007,0.5511493355573016,4.378458626999183
291,20.8,14.599213235294119,14.50490578358431,0.7554412609195977,14.57154344560405,13.7816594511148,15.223719117647061,13.138920592263661,15.645369485294118,1.442059666532261,2.5064488930304574,0.9261054017857173,6.200786764705882
292,20.8,15.117713235294119,15.118831991407326,0.6834927678635138,15.083575735294119,14.430763655854866,15.854403235294118,14.034757405854867,16.256619485294117,1.4236395794392518,2.2218620794392496,0.939524999999998,5.682286764705882
293,22.0,9.876366930515424,9.89787893357697,0.31042456114123135,9.90946447703141,9.602316513938762,10.184279531738133,9.355257213647185,10.375007114749634,0.5819630177993709,1.0197499011024487,0.37837981751582106,12.123633069484576
294,22.5,21.70429716134985,21.978820938799124,0.5648248481808834,21.946137296965006,21.427129900170073,22.531742491638543,21.08417739140682,22.95524361803289,1.1046125914684701,1.8710662266260698,0.7190373922034041,0.7957028386501506
295,22.5,19.87547097101402,19.56393368306665,0.7372010486856513,19.60614133849353,18.834653441361898,20.32035722905877,18.340557055962876,20.72119671687168,1.485703787696874,2.3806396609088054,0.9588483419633747,2.624529028985979
296,22.5,18.930095032272536,18.75858324158859,0.7265126564324421,18.687437600935432,18.08366100567053,19.465318641577362,17.66713599461024,19.996409771368057,1.3816576359068335,2.329273776757816,0.9371050309926652,3.5699049677274637
297,22.0,22.0421059726359,22.036843959716283,0.7390439246979404,22.109173184022872,21.332844283174925,22.766958359250637,20.733015403266155,23.125731801977434,1.434114076075712,2.392716398711279,0.9664801397198417,0.042105972635898326
298,23.0,18.7798886644522,19.019195614216233,0.9935966061267142,19.03439291797222,17.994404109349702,20.006151275836903,17.38322097905134,20.56686113035552,2.0117471664872006,3.1836401513041785,1.33173437951951,4.220111335547799
299,23.0,18.302952811320353,18.164173293339186,0.5172145116093135,18.17240750923917,17.684493093346337,18.65423949562,17.30555144183882,19.011076512388044,0.9697464022736639,1.7055250705492249,0.6814616236112343,4.697047188679647
300,23.1,13.831536931031785,14.002251629825142,0.44499065260053355,14.033539917930305,13.555884625124646,14.415450583530983,13.251563219412624,14.712270714211913,0.8595659584063373,1.4607074947992889,0.572192950173795,9.268463068968217
301,24.0,23.678857999752196,23.5306400013744,0.6163479545608405,23.554084423004056,22.889737974122998,24.152782167116126,22.50860594487073,24.518354933946842,1.263044192993128,2.0097489890761118,0.85144415036903,0.3211420002478036
302,24.0,23.312837123630906,22.800925757824757,0.6533948063728414,22.92578690276646,22.16409411340525,23.384050572037037,21.50618803561835,23.678776855343678,1.2199564586317884,2.172588819725327,0.7496680492741454,0.6871628763690936
303,24.0,26.89504986095806,26.7947391439875,0.5245165922917615,26.83462051313197,26.27849384711044,27.340644678959507,25.812784075908866,27.53646394404527,1.062150831849067,1.7236798681364043,0.7561942515037785,2.8950498609580606
304,24.5,19.561414985595505,19.54350783193399,0.3082130904024658,19.546076198993767,19.265613900767775,19.80734297729935,19.04106790084472,20.032546439633713,0.5417290765315741,0.9914785387889928,0.36784241116509264,4.938585014404495
305,25.0,21.595860227272727,21.05005713535831,0.6570770018341708,21.087063352520772,20.365168627364948,21.716717105517326,19.898057449236994,22.047536844000142,1.3515484781523774,2.149479394763148,0.8863909854513281,3.404139772727273
306,25.0,12.420892528298769,12.389314188966267,1.1500910535128417,12.497883159949136,11.218996116746025,13.485176409159738,10.206694706628294,14.14768523772648,2.266180292413713,3.940990531098185,1.420979726305612,12.579107471701231
307,25.0,30.0,29.599786563751536,0.5127208868175023,29.8,29.203500000000002,30.0,28.507458333333332,30.0,0.7964999999999982,1.4925416666666678,0.3791666666666629,5.0
308,25.0,24.696663702029365,24.654067286070127,0.6900899370598246,24.775185059277888,24.020230175715373,25.24912138605273,23.419869328453554,25.571671523388172,1.228891210337359,2.1518021949346178,0.7795316745782053,0.30333629797063466
309,25.0,25.0792533296018,24.7655663349592,0.3525224519806391,24.814709753618814,24.48500659101452,25.07115185281195,24.15922236281402,25.20557551556712,0.5861452617974301,1.046353152753099,0.3895987093426285,0.07925332960180143
310,25.0,24.848389367727105,24.235450434129987,0.9047449664116066,24.533696963051415,23.41471367442459,24.94768888472259,22.372924784944683,25.11924380802661,1.5329752102980017,2.746319023081927,0.7766806450983736,0.15161063227289517
311,25.0,19.66618239083894,19.689393250978107,0.564729719593965,19.67157114773358,19.138358159632073,20.21738018521884,18.846789272200493,20.659089811487448,1.0790220255867666,1.8123005392869551,0.7169267172993337,5.333817609161059
312,25.0,20.51563309785791,20.046272688506903,1.1500673294087864,20.147152534978638,18.911266098540622,21.144133590475015,18.019732539536726,21.64260440971493,2.2328674919343925,3.622871870178205,1.4493759711016594,4.484366902142089
313,25.0,23.84418758347913,23.927558443615997,1.0589721185561478,23.873958416812464,22.854462944513447,24.97706135509511,22.26499586267087,25.739409035733768,2.122598410581663,3.4744131730628993,1.4721249999999948,1.1558124165208703
314,25.0,18.530392969579957,18.495754662653916,1.141436097594652,18.48725696983368,17.368383918150403,19.572018494720155,16.69063494048476,20.422193175582162,2.203634576569751,3.7315582350974026,1.521326885327639,6.469607030420043
315,26.0,24.32493658116385,24.493250785752615,0.4272960061309354,24.509013967648695,24.06347574506137,24.928525422604647,23.77241203815085,25.1801879598472,0.8650496775432757,1.4077759216963486,0.5776718196160395,1.6750634188361495
316,26.0,25.01105105337498,24.67603919762994,0.43674506660275425,24.75241986838767,24.27245513388854,25.091998007637443,23.843548051838745,25.22563068701509,0.8195428737489046,1.3820826351763458,0.5399252818803895,0.988948946625019
317,27.0,22.829583333333332,22.912630093046896,0.5664310306110776,22.85720238095238,22.331816666666665,23.509566666666668,22.08020535714285,23.91804166666667,1.1777500000000032,1.8378363095238193,0.8172619047619065,4.170416666666668
318,27.0,26.495,26.502588666666682,0.07024130184901489,26.5,26.435,26.575,26.39,26.6225,0.14000000000000057,0.23249999999999815,0.09000000000000341,0.504999999999999
319,27.0,22.28958333333333,22.78526626984128,0.46099372390873766,22.711666666666666,22.32903333333333,23.222216666666665,22.232916666666664,23.6893125,0.893183333333333,1.4563958333333353,0.637083333333333,4.710416666666671
320,27.0,24.028072089319597,23.866200120106644,0.8506723908873002,23.802433081288,22.985628105845173,24.749092912271504,22.568563491477025,25.261296116342752,1.763464806426331,2.6927326248657266,1.2463753672285058,2.971927910680403
321,27.0,23.030625,22.972755333333335,0.7201190652048836,22.90625,22.247575,23.796117,21.86977083333333,24.209125,1.5485419999999976,2.33935416666667,1.0812999999999988,3.9693749999999994
322,27.0,24.47271668334076,24.006189180295017,1.117898957178262,24.041739367764507,22.855388994883988,25.151151974363994,22.136943104084555,25.82879796175205,2.2957629794800063,3.6918548576674937,1.5452704649209572,2.52728331665924
323,28.0,17.618574320099626,17.421513948058653,0.39806923097489205,17.490469145183944,17.055988617436448,17.77825511264042,16.67845062289508,17.947511403334563,0.7222664952039715,1.2690607804394816,0.45458685174474667,10.381425679900374
324,28.0,16.82178437115135,16.920402737840877,0.5422959251745385,16.95116399719587,16.38641713182027,17.447786823731647,15.97998609349715,17.716491438739858,1.061369691911377,1.7365053452427084,0.7167380867619535,11.178215628848651
325,28.0,22.50500114853726,22.473515332932905,0.3934244766446192,22.4962379355353,22.082740898600843,22.877200897698184,21.812940910442105,23.09984448628702,0.7944599990973416,1.2869035758449137,0.5276716333713587,5.494998851462739
326,28.0,27.917784643997493,27.871027730637135,0.09316449234607055,27.887083453521306,27.786562643997495,27.957339977330825,27.70921707153373,27.991558453521304,0.17077733333333,0.28234138198757464,0.11301273291925185,0.08221535600250718
327,28.0,27.994183897728835,27.879738610874284,0.09946740624517676,27.903350564395502,27.79110948779095,27.968129860461755,27.69832973106217,27.994189332511443,0.17702037267080328,0.2958596014492727,0.10666666666666913,0.0058161022711651356
328,28.0,21.445431481481492,21.431685017657102,0.7523940484994985,21.479968542885004,20.70932523655043,22.17915404420551,20.03091691463808,22.576380554062133,1.4698288076550803,2.545463639424053,1.0735505974428285,6.554568518518508
329,28.0,19.55253817388726,19.382718285860552,0.37780560795661505,19.38382663542572,19.029350051835017,19.735131948056402,18.74826355688982,20.03671354677116,0.7057818962213851,1.2884499898813395,0.47843842502635425,8.44746182611274
330,28.0,18.786092510189345,18.55733097203746,0.6405871579503483,18.558116815744896,17.915103938760772,19.24687432837116,17.499631216438697,19.514692401621264,1.3317703896103872,2.0150611851825673,0.9797247222222225,9.213907489810655
331,30.0,25.7075,25.709098750000003,0.07017240726591197,25.7075,25.6475,25.7725,25.6025,25.8275,0.125,0.22500000000000142,0.0899999999999963,4.2925
332,30.0,25.5125,25.583023250000004,0.2593940513908087,25.595,25.3425,25.8425,25.199875,25.9525,0.5,0.7526250000000019,0.375,4.487500000000001
333,30.0,26.85125,26.779227916666642,0.16423598546618434,26.78375,26.62625,26.93625,26.48625,27.0300625,0.3100000000000023,0.5438125000000014,0.21000000000000085,3.1487499999999997
334,30.0,28.01775,28.032435121212128,0.1594791263846305,28.04125,27.881050000000002,28.18625,27.77125,28.27125,0.30519999999999925,0.5,0.20949999999999847,1.9822500000000005
335,30.0,28.71625,28.700073333333282,0.2587013741695658,28.73125,28.49765,28.93205,28.22934166666667,29.0315,0.4344000000000001,0.8021583333333311,0.2825000000000024,1.2837500000000013
336,30.0,30.0,29.982169280303086,0.06509181940368,30.0,29.975,30.0,29.9,30.0,0.02499999999999858,0.10000000000000142,0.0,0.0
337,30.0,29.745050000000003,29.70406604393931,0.22978204612463957,29.745050000000003,29.620050000000003,29.86005,29.399898333333333,29.86005,0.23999999999999844,0.4601516666666683,0.17999999999999972,0.25494999999999735
338,30.0,30.0,29.974159981690054,0.06982479625602674,30.0,29.95,30.0,29.85,30.0,0.05000000000000071,0.14999999999999858,0.0,0.0
339,30.0,28.795919540229885,28.2072429498343,0.8648729519848135,28.393815463750805,27.32046772472738,28.994775309460657,26.53030009406355,29.295986847922194,1.6743075847332776,2.7656867538586454,0.979349027409377,1.2040804597701147
340,30.0,24.37777238984861,24.26239347620691,1.04567756624986,24.33061909132824,23.196176819765938,25.28000533731353,22.35846734581866,25.818254196869905,2.083828517547591,3.459786851051245,1.372750588670403,5.622227610151391
341,30.0,24.745342464592923,25.136477785077666,0.5215022320544475,25.035452784191044,24.664439026092488,25.641475962417783,24.455847629901406,26.212294599891326,0.9770369363252946,1.75644696998992,0.6181784065472193,5.254657535407077
342,30.0,29.810512820512823,29.364637366087614,0.6554070961289825,29.57897916666667,28.85163676236045,29.875,27.836623456587276,29.95,1.0233632376395505,2.1133765434127234,0.5420416666666625,0.18948717948717686
343,30.0,29.041952214452216,28.75119460355448,0.7292910704023068,28.904452214452213,28.1431261066927,29.389679487179492,27.221464084494833,29.627278846153853,1.246553380486791,2.4058147616590198,0.8002192982456151,0.9580477855477838
344,30.0,21.211325459317585,21.329653028562838,0.4629969142741259,21.341861173603302,20.890752125984253,21.79467452512361,20.5643872725044,22.090649606299213,0.9039223991393577,1.5262623337948114,0.6210119047619003,8.788674540682415
345,30.0,29.41375,28.395428803623386,0.8380382354146796,28.532137365591396,27.60833348748026,29.18466931464175,26.74528603954834,29.476438668224304,1.5763358271614898,2.7311526286759644,1.0715524475524525,0.5862499999999997
346,30.0,29.755666666666666,29.434783267590948,0.37417439741008973,29.503934566428004,29.04970179952268,29.794406666666667,28.732518456642804,29.91,0.7447048671439873,1.177481543357196,0.47936913285600724,0.2443333333333335
347,30.0,16.09037886069767,15.801354449479645,0.6116908197272948,15.765274466234002,15.24114733039464,16.38565947181689,14.813316253888809,16.93838749943038,1.1445121414222506,2.1250712455415712,0.7515303393939377,13.909621139302331
348,30.0,19.926113705665227,20.045185547868137,0.5076760564669149,20.021645161290323,19.535967164175865,20.574633705665228,19.216523481306254,20.880898158401543,1.0386665414893628,1.6643746770952887,0.6989569892473142,10.073886294334773
